literature_id,reviewer_id,review_date,relevance_category,jurisdiction_focus,pathology_concepts,diagnostic_error_concepts,legal_principles_discussed,indian_cases_cited,clinical_standards_or_quality_practices,methods_relevance,discussion_relevance,recommendations_relevance,key_quote_or_summary,notes
A01,automated,2026-06-03,background,USA,surgical_pathology;cytology;FNAC,failure_to_diagnose;false_negative,malpractice_claims;liability,,insurer_claims_analysis,high,high,medium,"57% of claims involved breast/melanoma/Pap/gyn specimens; 63% failure to diagnose cancer",Key source for international malpractice claim patterns
A02,automated,2026-06-03,background,USA,surgical_pathology;FNAC;cytology,misdiagnosis;false_negative;sampling_error,malpractice_claims,,diagnostic_pitfalls,medium,high,medium,"Major categories: lymphoma melanoma breast FNA cervical Pap prostate biopsies",Early claims analysis identifying diagnostic pitfalls
A03,automated,2026-06-03,background,USA,surgical_pathology;cytology;FNAC,system_errors;misdiagnosis,malpractice_trends,,CME_effectiveness,medium,high,medium,"Declining trend in melanoma breast gyn cytology claims attributed to improved CME",Shows risk reduction through education
A04,automated,2026-06-03,background,USA,surgical_pathology;cytology,diagnostic_error;delayed_diagnosis,malpractice_claims;standard_of_care,,insurer_claims_analysis,high,high,high,"Diagnostic errors account for 87% of paid claims",Most comprehensive recent insurer analysis
A05,automated,2026-06-03,background,USA,surgical_pathology;cytology;clinical_pathology,missed_melanoma;misdiagnosis,jury_verdicts;settlements,,legal_case_analysis,high,high,medium,"Nearly half involved surgical pathology; missed melanoma most common",Methodology model for legal case review
A06,automated,2026-06-03,background,USA,anatomic_pathology;cancer_diagnosis,diagnostic_error;clinical_impact,,,error_frequency_measurement,high,high,medium,"12% error rate in cancer diagnosis; 5.3% moderate or marked clinical impact",Key prevalence data for cancer diagnosis errors
A07,automated,2026-06-03,background;methods,USA,anatomic_pathology;cytology,discrepancy;diagnostic_error,,,CAP_Q-Probes;secondary_review,high,medium,medium,"Mean discrepancy frequency 6.7% in secondary review",CAP benchmark data for error rates
A08,automated,2026-06-03,background,International,autopsy;post-mortem,missed_diagnosis;major_error,,,autopsy_review;systematic_review,medium,high,medium,"53 autopsy series; median major error rate 23.5%; Class I 9.0%",Seminal systematic review of autopsy diagnostic errors
A09,automated,2026-06-03,background;methods,USA,surgical_pathology,amended_reports;error_detection,,,CAP_Q-Probes;error_monitoring,high,medium,medium,"Mean amended report rate 1.9/1000 cases; 38.7% changed final diagnosis",Methodology for tracking diagnostic corrections
A10,automated,2026-06-03,background,USA,surgical_pathology,diagnostic_error;measurement_methods,,,error_measurement_comparison,medium,medium,medium,"Major error rates 1.5-5.7% consults vs 0.26-1.2% in-house review",Demonstrates method-dependent error rate variation
A11,automated,2026-06-03,background;recommendations,International,anatomic_pathology,diagnostic_discrepancy;second_opinion,,,second_opinion;MDT_review,medium,high,high,"Second opinion detects major discrepancies in 6.2%; MDT reviews 8x higher detection",Strong evidence for second opinion practices
A12,automated,2026-06-03,background,International,pathology_tissue_testing,pre-analytic_error;laboratory_error,,,systematic_review;meta-analysis,high,medium,medium,"Pre-analytic 16.71/1000; actively identified 40.17/1000; reported 8-fold underreporting",Most recent meta-analysis on pathology errors
A13,automated,2026-06-03,background,International,cytology;FNAC;thyroid,misdiagnosis;sampling_error;interpretive_variability,,,FNAC_quality,medium,high,medium,"Sampling errors and interpretive variability are major FNAC misdiagnosis causes",Directly relevant to FNAC litigation cases
A14,automated,2026-06-03,background,International,autopsy;ICU,diagnostic_discrepancy;missed_diagnosis,,,autopsy_review,low,medium,low,"Class I discrepancy 6.5%; major missed diagnoses 19.3%",Recent meta-analysis updating Shojania 2003
A15,automated,2026-06-03,background,International,pathology,malpractice_evaluation;forensic_assessment,,,forensic_evaluation,medium,high,medium,"Forensic medical evaluation frameworks for pathology malpractice claims",Framework for expert assessment of claims
B01,automated,2026-06-03,background;methods,India,,,"consumer_protection_act;deficiency_in_service;consumer_definition","IMA v VP Shantha 1995",,low,high,low,"Medical services under CPA 1986; patients paying fees are consumers",Foundational case for all Indian medical negligence litigation
B02,automated,2026-06-03,background;methods,India,,,"Bolam_test;criminal_negligence;gross_negligence;expert_evidence","Jacob Mathew v State of Punjab 2005",,low,high,medium,"Adopted Bolam test; criminal negligence requires gross negligence",Most important case for negligence standard in India
B03,automated,2026-06-03,background,India,,,"standard_of_care;error_of_judgment;negligence_inference","Kusum Sharma v Batra Hospital 2010",,low,high,medium,"Negligence not inferred from poor outcome; error of judgment not negligence if reasonable",Key restatement of medical negligence principles
B04,automated,2026-06-03,background,India,,,"duty_of_care;accepted_practice;treatment_choice","Malay Kumar Ganguly v Sukumar Mukherjee 2009",,low,medium,low,"No guarantee of cure; adopting one accepted treatment mode not negligence",Supports accepted practice defense
B05,automated,2026-06-03,background,India,,,"criminal_negligence;professional_misconduct;beyond_reasonable_doubt","PB Desai v State of Maharashtra 2013",,low,high,medium,"Distinguished professional misconduct from criminal negligence",Important for criminal vs civil threshold
B06,automated,2026-06-03,background,India,,,"Bolam_test;post-surgical_complications;accepted_practice","Neeraj Sud v Jaswinder Singh 2024",,low,high,medium,"Most recent Bolam reaffirmation 2024; post-surgical deterioration not per se negligence",Most current Supreme Court position on Bolam
B07,automated,2026-06-03,background,India,,,"Bolam_test;Bolitho_test;logical_basis",,,,low,high,medium,"Bolam: accepted practice defense; Bolitho: practice must have logical basis",Analytical comparison of both tests in Indian context
B08,automated,2026-06-03,background,India,,,"Bolam_test;Bolitho_test;policy_perspective",,,,low,medium,low,"Policy/management perspective on Bolam and Bolitho rules",Alternative disciplinary perspective
B09,automated,2026-06-03,background,India,,,"consumer_protection_act;deficiency_in_service;judicial_perspective","IMA v VP Shantha",,low,high,medium,"Judicial interpretation of negligence liability under CPA framework",Core reference for CPA and medical negligence
B10,automated,2026-06-03,background,India,,,"duty_of_care;professional_duties;defense_strategies",,,,low,medium,medium,"Comprehensive legal landscape; duties ethical standards defense strategies",Broad overview useful for background
B11,automated,2026-06-03,background,India,,,"CPA_2019;deficiency_in_service;limitation_period",,,,low,high,medium,"CPA 2019 Section 2(11) deficiency includes negligence; 2-year limitation",Important for current statutory framework
B12,automated,2026-06-03,background;methods,India,,,"legal_mechanisms;court_procedures;post-1995_judgments",,,,medium,high,medium,"Systematic overview of legal mechanisms for patients alleging negligence",Methodology model for systematic legal review
B13,automated,2026-06-03,background,India,,,"standard_of_care;res_ipsa_loquitur;expert_evidence;Bolam_test",,,,low,medium,low,"Compilation of key judicial dicta organized thematically",Quick reference for judicial language
C01,automated,2026-06-03,background;methods,India,,diagnostic_error,"deficiency_in_service;negligence_finding","Multiple NCDRC cases 2015-2019",,high,high,high,"253 NCDRC cases; negligence proved 53%; wrong diagnosis as deficiency in service",Closest methodology model for this study
C02,automated,2026-06-03,background;discussion,India,cytology;FNAC;histopathology,false_positive;diagnostic_conundrum,"consumer_court;compensation","FNAC breast lump case 2000",FNAC_limitations,high,high,high,"FNAC malignant; histopathology benign phyllodes; consumer court Rs 19 lakh",Most directly relevant published case to this study
C03,automated,2026-06-03,background;methods,India,,,"negligence_standard;medical_records;documentation","29 Supreme Court cases",documentation_as_defense,high,high,high,"Medical records decisive in 87.5% of verdicts favoring doctors",Critical finding on documentation importance
C04,automated,2026-06-03,background,India,,,"expert_evidence;journal_articles;evidentiary_standards","26 Indian court judgments",,medium,high,medium,"All Indian court types accept journal articles as expert evidence",Important for expert evidence discussion
C05,automated,2026-06-03,background;discussion,India,histopathology;oncology,diagnostic_discrepancy;grading_error,,,"histopathology_review;second_opinion",medium,high,medium,"Diagnostic discrepancies documented upon histopathology review at Indian oncology center",Indian pathology error rate data
C06,automated,2026-06-03,methods,India,,,"negligence_claims;NCDRC_judgments","942 NCDRC cases 2002-2018",,high,medium,low,"Methodology model for specialty-specific NCDRC analysis",Direct methodology precedent
C07,automated,2026-06-03,methods,India,,,"consumer_court;negligence","Multiple consumer court cases",,high,medium,low,"Downloadable dataset filterable for pathology/lab cases",Potential data source for cross-validation
C08,automated,2026-06-03,discussion,India,laboratory_medicine,wrong_result;blood_group_error,"deficiency_in_service;compensation","Lifeline Laboratory NCDRC case",,low,high,medium,"Wrong blood group; kidney transplant deferred; Rs 4 lakh compensation",Exemplar case for lab error litigation
C09,automated,2026-06-03,discussion,India,diagnostic_laboratory,erroneous_report,"deficiency_in_service;compensation","NCDRC erroneous diagnostic report case",,low,high,medium,"Negligent diagnosis; erroneous reports causing unnecessary tests",Exemplar case for diagnostic lab liability
C10,automated,2026-06-03,discussion,India,laboratory_medicine,erroneous_report,"deficiency_in_service;compensation","Dr Lal Pathlabs case",,low,high,medium,"Erroneous lab report; unnecessary hospitalization; Rs 3.5 lakh",Named lab chain held liable
C11,automated,2026-06-03,discussion,India,histopathology;breast,false_positive;misdiagnosis,"consumer_court;compensation","Mumbai breast cancer misdiagnosis",,low,high,high,"Wrong breast cancer diagnosis from histopathology; mastectomy; Rs 50 lakh claimed",High-profile histopathology false positive case
C12,automated,2026-06-03,discussion,India,diagnostic_laboratory,wrong_reports,"consumer_court;compensation","Nagpur lab case",,low,medium,medium,"Lab ordered to compensate for wrong reports",Additional lab liability example
D01,automated,2026-06-03,background;methods,International,laboratory_medicine,pre-analytical;analytical;post-analytical,,,"total_testing_process;error_taxonomy",high,medium,high,"Pre-analytical 46-68%; analytical 7-13%; total testing process",Foundational error taxonomy framework
D02,automated,2026-06-03,background,International,laboratory_medicine,laboratory_errors;diagnostic_cycle,,,"quality_frameworks",medium,medium,medium,"Expanded quality beyond analytical phase to entire diagnostic cycle",Conceptual expansion of quality thinking
D03,automated,2026-06-03,background,International,laboratory_medicine,"pre-pre-analytical;post-post-analytical",,,"extended_taxonomy",medium,medium,medium,"Pre-pre and post-post analytical phases carry highest error incidence",Extended taxonomy for extra-laboratory errors
D04,automated,2026-06-03,methods,International,anatomic_pathology,"misinterpretation;misidentification;specimen_defect;report_defect",,,"error_classification;evidence-based",high,medium,high,"Four categories: misinterpretations misidentifications specimen defects report defects",Proposed coding taxonomy applicable to this study
D05,automated,2026-06-03,background;methods,International,surgical_pathology,diagnostic_discrepancy;major_minor_error,,,"error_detection;classification",high,medium,medium,"Error rates 1.7-3.7%; major 0.3-0.5%; minor 1.2-3.3%",Benchmark data for error classification
D06,automated,2026-06-03,methods,International,anatomic_pathology,error_detection_methods,,,"consensus_conference;random_review;organ-specific_review",medium,medium,medium,"Multiple detection methodologies; rates vary by method",Informs methodology for error detection approaches
D07,automated,2026-06-03,background,International,laboratory_medicine;anatomic_pathology,error_monitoring,,,"CAP_Q-Probes;Q-Tracks;benchmarking",medium,medium,high,"15 years CAP programs; continuous assessment lowers error rates",Evidence for continuous quality monitoring
D08,automated,2026-06-03,recommendations,International,surgical_pathology;cytology,interpretive_error,,,"case_review_procedures;evidence-based_guideline",medium,medium,high,"Evidence-based guideline; case review procedures for interpretive error detection",Directly applicable practice recommendations
D09,automated,2026-06-03,background,International,surgical_pathology,report_defects,,,"pre-sign-out_review;amended_reports",medium,medium,medium,"360218 cases; defect rate 4.7/1000; pre-sign-out review reduces defects",Quality intervention evidence
D10,automated,2026-06-03,background;discussion,India,laboratory_medicine,,"accreditation;quality_standards",,"ISO_15189;NABL_accreditation",medium,high,high,"Indian accreditation body; ISO 15189:2022 transition by December 2025",Critical for Indian QA context and standard of care arguments
D11,automated,2026-06-03,background;methods,International,pathology,diagnostic_error_definition;process_errors,,,"diagnostic_error_framework;system_improvements",high,high,high,"Defined diagnostic error; framework relating process errors to outcomes",Definitional authority for diagnostic error
D12,automated,2026-06-03,background;recommendations,USA,surgical_pathology,diagnostic_disagreement;second_opinion,,,"mandatory_review;referral_pathology",medium,medium,high,"1.4% major disagreements prompting management changes",Evidence for mandatory second opinion
D13,automated,2026-06-03,background,USA,surgical_pathology;oncology,diagnostic_discordance;second_opinion,,,"second_opinion;cancer_center",medium,medium,high,"8191 cases; 14.2% discordance (2.2% major 12.0% minor)",Large-scale second opinion data
D14,automated,2026-06-03,background;recommendations,International,pathology,second_opinion;discrepancy_detection,,,"second_opinion_value;patient_outcomes",medium,medium,high,"Confirmed clinically significant discrepancy detection and improved outcomes",Supports institutionalized review
D15,automated,2026-06-03,background,International,laboratory_medicine,laboratory_errors;patient_safety,,,"ISO_15189;WHO_patient_safety",medium,medium,medium,"70% medical decisions involve lab data; ISO 15189 foundational",WHO-aligned patient safety framework
E01,automated,2026-06-03,recommendations,International,pathology,reporting_quality;communication,,,"synoptic_reporting;communication_protocols;risk_management",medium,medium,high,"Quality reports as primary defense; synoptic reporting; communication protocols",Core risk management reference
E02,automated,2026-06-03,recommendations,International,pathology;laboratory_medicine,compliance;malpractice_response,,,"government_standards;workforce_education",medium,medium,high,"Effective risk management depends on robust quality management and education",Comprehensive compliance framework
E03,automated,2026-06-03,background;discussion,India,clinical_pathology,pre-analytical;analytical;post-analytical,,,"risk_classification;tertiary_hospital",high,high,high,"Indian study; inadequate sample-anticoagulant ratio highest probability 22.85%",Only Indian pathology lab risk management study found
E04,automated,2026-06-03,background,International,pathology,specimen_handling;interpretation;reporting,medicolegal_aspects,,"error_prevention",medium,high,medium,"International framework for specimen handling diagnostic interpretation reporting",Comprehensive medicolegal error framework
E05,automated,2026-06-03,background,International,pathology,specimen_mislabeling;handling_errors;interpretation,,,"patient_safety;error_prevention",medium,medium,medium,"Specimen mislabeling handling errors interpretation errors leading to liability",Practical error categorization
E06,automated,2026-06-03,discussion,India,pathology,,professional_indemnity,,"risk_identification",low,medium,medium,"Common pathology risks from professional indemnity insurance perspective",Indian industry perspective on risk
E07,automated,2026-06-03,discussion,India,pathology_laboratories,fabricated_results;systemic_malpractice,,,"quality_concerns;systemic_issues",low,high,medium,"Systemic issues: doctor-lab commissions sink tests fabricated results",Evidence of systemic quality problems in Indian labs
F01,automated,2026-06-03,background;methods,India,,diagnostic_error,"deficiency_in_service;negligence;compensation","253 NCDRC cases 2015-2019",documentation_quality,high,high,high,"Negligence 53%; lack of skill 36%; deficient records 22%; max Rs 1.38 crore",Duplicate of C01 — same source; use for Domain F analysis
F02,automated,2026-06-03,background,India,,,"consumer_court;state_commission;negligence","89 SCDRC cases Chandigarh Punjab Haryana",,medium,medium,medium,"89 cases; state commission level patterns in Northern India",State-level consumer court data
F03,automated,2026-06-03,background,India,,,"consumer_court;district_commission;negligence","District Consumer Court Delhi cases",,medium,medium,medium,"District-level data; types of claims and outcomes in Delhi",Lowest tier consumer forum data
F04,automated,2026-06-03,background,India,,,"malpractice_trends;patient_awareness",,,,low,medium,low,"Upward trend in malpractice claims; growing patient legal awareness",Trend commentary
F05,automated,2026-06-03,background,India,,,"expert_evidence;res_ipsa_loquitur","NCDRC expert evidence ruling 2024",,low,high,medium,"Expert evidence required; exceptions under res ipsa loquitur",Current NCDRC evidentiary position
F06,automated,2026-06-03,background,India,,,"medical_negligence;deaths;NCRB_data",,,,low,medium,low,"NCRB data 2017-2023; 1133 deaths from alleged negligence",National-level mortality data
F07,automated,2026-06-03,background,India,,,"landmark_judgments;negligence_principles","Multiple landmark Indian cases",,low,medium,low,"Review of landmark Indian judicial decisions on medical negligence",General overview of landmark cases
F08,automated,2026-06-03,background,India,,,"medical_negligence;CPA;Indian_scenario",,,,low,medium,low,"Overview of Indian medical negligence landscape since CPA inclusion",Historical context post-1995
